{"cameraMode":{"drawMode":0,"name":"Shaded","section":"Shading Mode"},"sceneLighting":false,"audioPlay":false,"sceneViewState":{"m_AlwaysRefresh":false,"showFog":true,"showSkybox":false,"showFlares":true,"showImageEffects":true,"showParticleSystems":true,"showVisualEffectGraphs":true,"m_FxEnabled":true},"in2DMode":false,"pivot":{"x":2.384185791015625e-7,"y":0.8850403428077698,"z":-0.007395803928375244},"rotation":{"x":-0.5185092091560364,"y":-0.47861093282699587,"z":0.5375239253044128,"w":-0.46167969703674319},"size":1.375217318534851,"orthographic":false}